term,estimate,std.error,robust.se,statistic,p.value,conf.low,conf.high,wave,model
BMI_CV_W3,1.0316085111406266,0.014046672636746365,0.013450163237565116,2.3136704639564525,0.020685805237502613,1.0047687443278148,1.0591652320651508,W3,Unadjusted
BMI_CV_W4,1.0519787784039942,0.015643419926962922,0.014952039395351188,3.3890321014018805,7.013979877975907e-4,1.0215974021212575,1.083263669146455,W4,Unadjusted
BMI_CV_W5,1.070866051748955,0.017102255310275875,0.016678092691750756,4.105248514584221,4.038804533063446e-5,1.036427034366152,1.1064494293992593,W5,Unadjusted
BMI_CV_W6,1.0580082672061915,0.02077207930036626,0.019444620402340993,2.8999356240093874,0.0037323930726541393,1.0184454455429646,1.099107957500729,W6,Unadjusted
BMI_CV_W7,1.0616162070532624,0.023549918932947698,0.02459116988516538,2.431461001142427,0.015038067133261128,1.0116621418886276,1.114036914511948,W7,Unadjusted
BMI_CV_W8,1.0753954424912608,0.027755870508236306,0.030849084591571062,2.356259460555455,0.018460018826873648,1.012300387751757,1.142423110495314,W8,Unadjusted
BMI_CV_W9,1.0456740328789358,0.03903217481718027,0.047047053439213025,0.9492982400305441,0.342468948425445,0.9535638948890234,1.146681610847433,W9,Unadjusted
